연도,학교종류,시도,학교명,본분교,학교상태,설립,우편번호,주소,전화번호,팩스번호,홈페이지
2013,전문대학(3년제),강원,강원도립대학,본교,기존,공립,210-804,강원 강릉시 주문진읍 연주로 270,033-660-8000,033-660-8015,http://www.gw.ac.kr
2013,전문대학(3년제),경북,경북도립대학교,본교,학교명 변경,공립,757-807,경북 예천군 예천읍 도립대학길 114(청복리947-1),054-650-0111,054-650-0119,www.gpc.ac.kr
2013,전문대학(3년제),충남,충남도립청양대학,본교,기존,공립,345-702,충남 청양군 청양읍 충남도립청양대학 ,041-940-6600,041-940-6633,www.cyc.ac.kr
2013,전문대학(3년제),경기,한국복지대학교,본교,기존,국립,459-070,경기 평택시 장안동 5-3,031-610-4600,031-610-4930,http://www.knuw.ac.kr
2013,전문대학(3년제),경북,가톨릭상지대학교,본교,기존,사립,760-711,경북 안동시 상지길 45(율세동 393),054-857-9101,054-857-9590,www.csj.ac.kr
2013,전문대학(3년제),전북,군산간호대학교,본교,기존,사립,573-719,전북 군산시 동개정길 7 (개정동),063-450-3893,063-450-3899,www.kcn.ac.kr
2013,전문대학(3년제),경남,거제대학교,본교,기존,사립,656-701,경남 거제시 마전1길 91,055-680-1504,055-681-3993,www.koje.ac.kr
2013,전문대학(3년제),부산,경남정보대학교,본교,기존,사립,617-701,부산광역시 사상구 주례로 45 경남정보대학교,051-324-5555,051-324-1858,www.kit.ac.kr
2013,전문대학(3년제),경기,경민대학교,본교,기존,사립,480-702,경기 의정부시 서부로 545(가능3동 562-1) 경민대학,031-828-7700,031-828-7937,http://www.kyungmin.ac.kr
2013,전문대학(3년제),경북,대구미래대학교,본교,기존,사립,712-716,경북 경산시 미래로 114 대구미래대학교 ,053-810-9200,053-802-3162,http://www.dfc.ac.kr
2013,전문대학(3년제),경북,경북전문대학교,본교,기존,사립,750-050,경북 영주시 대학로 77 경북전문대학교,054-630-5114,054-632-0754,http://www.kbc.ac.kr
2013,전문대학(3년제),경기,경복대학교,본교,기존,사립,487-717,경기 포천시 신북면 경복대학교 ,031-570-9901,031-570-9568,www.kbu.ac.kr
2013,전문대학(3년제),인천,경인여자대학교,본교,기존,사립,407-740,인천 계양구 계산2동 548-4,032-540-0114,032-552-4110,www.kic.ac.kr
2013,전문대학(3년제),경북,서라벌대학교,본교,기존,사립,780-711,경북 경주시 충효동 165번지 서라벌대학교,054-770-3500,054-741-5429,http://first.sorabol.ac.kr
2013,전문대학(3년제),전남,광양보건대학교,본교,기존,사립,545-703,전남 광양시 광양읍 광양보건대학 ,061-760-1400,061-763-9009,www.kwangyang.ac.kr
2013,전문대학(3년제),광주,광주보건대학교,본교,기존,사립,506-701,광주 광산구 신창동 광주보건대학,062-958-7500,062-953-4946,www.ghu.ac.kr
2013,전문대학(3년제),전북,서해대학,본교,기존,사립,573-717,전북 군산시 서해대길 6(오룡동),063-460-9114,063-460-9191,www.sohae.ac.kr
2013,전문대학(3년제),전북,군장대학교,본교,기존,사립,573-709,전북 군산시 성산면 군장대학 ,063-450-8114,063-450-8111,www.kunjang.ac.kr
2013,전문대학(3년제),전남,고구려대학교,본교,기존,사립,520-713,전남 나주시 다시면 837-8번지 고구려대학교 ,061-330-7400,061-330-7322,http://www.kgrc.ac.kr
2013,전문대학(3년제),광주,기독간호대학교,본교,기존,사립,503-711,광주 남구 백서로70번길 6(양림동 67) 기독간호대학교,062-675-1681,062-675-5806,ccn.ac.kr
2013,전문대학(3년제),전북,전주기전대학,본교,기존,사립,560-701,전북 전주시 완산구 중화산동1가  177번지 전주기전대학,063-280-5208,063-231-6415,www.jk.ac.kr
2013,전문대학(3년제),경기,김포대학교,본교,기존,사립,415-761,경기 김포시 월곶면 김포대학로 97 김포대학교,031-999-4114,031-989-4387,www.kimpo.ac.kr
2013,전문대학(3년제),경기,농협대학교,본교,기존,사립,412-707,경기 고양시 덕양구 서삼릉길 281 (원당동),031-960-4000,,www.nonghyup.ac.kr
2013,전문대학(3년제),대구,대구보건대학교,본교,기존,사립,702-722,대구 북구 영송로 15(태전동),053-320-1300,053-320-1239,www.dhc.ac.kr
2013,전문대학(3년제),대구,수성대학교,본교,기존,사립,706-711,대구 수성구 달구벌대로 528길 15(만촌동) 수성대학교,053-749-7000,053-751-1823,WWW.SC.AC.KR
2013,전문대학(3년제),경기,대림대학교,본교,기존,사립,431-715,경기 안양시 동안구 임곡로 29(비산동) 대림대학교 ,031-467-4700,031-446-8729,www.daelim.ac.kr
2013,전문대학(3년제),대전,우송정보대학,본교,기존,사립,300-715,대전 동구 자양동 우송정보대학,042-629-6114,042-634-8003,www.wsi.ac.kr
2013,전문대학(3년제),경기,동남보건대학교,본교,기존,사립,440-714,경기도 수원시 장안구 천천로 74번길 50 ,031-249-6333,031-249-6334,www.dongnam.ac.kr
2013,전문대학(3년제),부산,동부산대학교,본교,기존,사립,612-080,부산광역시 해운대구 운봉길60,051-542-8891,051-540-3844,www.dpc.ac.kr
2013,전문대학(3년제),경기,동아방송예술대학교,본교,기존,사립,456-717,경기 안성시 삼죽면 동아방송대학교 ,031-670-6600,031-674-2997,www.dima.ac.kr
2013,전문대학(3년제),전남,동아인재대학교,본교,기존,사립,526-705,전남 영암군 학산면  영산로 76-57,061-472-5765,061-472-8770,www.dongac.ac.kr
2013,전문대학(3년제),서울,동양미래대학교,본교,기존,사립,152-714,서울시 구로구 경인로 445 동양미래대학교 (고척동 62-160),02-2610-1700,02-2688-5494,http://www.dongyang.ac.kr/
2013,전문대학(3년제),경기,동원대학교,본교,기존,사립,464-711,경기 광주시 곤지암읍 경충대로26 동원대학교,031-763-8541,031-763-9157,www.tw.ac.kr
2013,전문대학(3년제),부산,동주대학교,본교,기존,사립,604-080,부산 사하구 사리로55번길 16(괴정동),051-200-3300,051-201-5420,http://www.dongju.ac.kr
2013,전문대학(3년제),경남,마산대학교,본교,기존,사립,630-729,경남 창원시 마산회원구 내서읍 함마대로 2640(용담리),055-230-1212,055-231-1177,www.masan.ac.kr
2013,전문대학(3년제),서울,명지전문대학,본교,기존,사립,120-776,서울 서대문구 가좌로 134 명지전문대학 ,02-300-1000,02-304-4832,www.mjc.ac.kr
2013,전문대학(3년제),전남,목포과학대학교,본교,기존,사립,530-730,전남 목포시 영산로 413-1 (상동525),061-278-8651,061-279-8838,http://www.mokpo-c.ac.kr
2013,전문대학(3년제),서울,배화여자대학교,본교,기존,사립,110-735,서울 종로구 필운대로 1길 34 배화여자대학교,02-399-0700,02-737-8431,www.baewha.ac.kr
2013,전문대학(3년제),서울,삼육보건대학교,본교,학교명 변경,사립,130-092,서울 동대문구 휘경2동,02-2212-0082,02-2215-2380,http://www.shu.ac.kr
2013,전문대학(3년제),광주,서영대학교,본교,기존,사립,500-742,광주광역시 북구 서강로 1,062-520-5114,062-523-1603,http://www.seoyeong.ac.kr
2013,전문대학(3년제),서울,서울여자간호대학교,본교,기존,사립,120-742,서울 서대문구 홍제3동 서울여자간호대학,02-2287-1700,02-395-8018,www.snjc.ac.kr
2013,전문대학(3년제),경기,서울예술대학교,본교,기존,사립,425-020,경기 안산시 단원구 예술대학로 171,031-412-7100,,http://www.seoularts.ac.kr
2013,전문대학(3년제),경북,성덕대학교,본교,기존,사립,770-811,경북 영천시 신녕면 화남리 1135-5,054-330-8800,054-330-8810,www.sdc.ac.kr
2013,전문대학(3년제),광주,송원대학,본교,폐교,사립,503-742,광주 남구 송암로 73,062-360-5700,062-360-5756,www.songwon.ac.kr
2013,전문대학(3년제),경기,수원과학대학교,본교,기존,사립,445-742,경기 화성시 정남면 보통리 수원과학대학,,031-354-8988,
2013,전문대학(3년제),전남,청암대학교,본교,기존,사립,540-743,전남 순천시 녹색로 1641번지,061-740-7100,061-743-6414,www.scjc.ac.kr
2013,전문대학(3년제),충남,신성대학교,본교,기존,사립,343-861,충남 당진시 정미면 대학로1 ,041-350-1114,041-350-1075,www.shinsung.ac.kr
2013,전문대학(3년제),경북,안동과학대학교,본교,기존,사립,760-822,경북 안동시 서후면 서선길 189,054-851-3500,054-852-9907,www.asc.ac.kr
2013,전문대학(3년제),경기,안산대학교,본교,기존,사립,426-701,경기 안산시 상록구 안산대학로 155(일동),031-400-6900,031-419-8390,www.ansan.ac.kr
2013,전문대학(3년제),경기,연성대학교,본교,기존,사립,430-749,경기도 안양시 만안구 양화로37번길 34 연성대학교,031-441-1100,031-442-4400,www.yeonsung.ac.kr
2013,전문대학(3년제),경남,연암공업대학,본교,기존,사립,660-750,경남 진주시 진주대로 629번길 35,055-751-2000,055-751-2004,www.yc.ac.kr
2013,전문대학(3년제),강원,강릉영동대학교,본교,기존,사립,210-949,강원 강릉시 홍제동 1009번지,033-610-0114,033-644-8809,www.gyc.ac.kr
2013,전문대학(3년제),경기,오산대학교,본교,기존,사립,447-749,경기 오산시 청학동 오산대학,031-370-2500,031-370-2883,www.osan.ac.kr
2013,전문대학(3년제),경기,용인송담대학교,본교,기존,사립,449-710,경기 용인시 처인구 동부로 61 용인송담대학교,031-330-9000,031-336-9535,www.ysc.ac.kr
2013,전문대학(3년제),울산,울산과학대학교,본교,기존,사립,682-090,울산 동구 봉수로 101(화정동 산160-1)번지,052-230-0500,052-234-9300,www.uc.ac.kr
2013,전문대학(3년제),전북,원광보건대학교,본교,기존,사립,570-750,전라북도 익산시 익산대로 514,063-840-1114,063-840-1567,www.wkhc.ac.kr
2013,전문대학(3년제),인천,인하공업전문대학,본교,기존,사립,402-020,인천 남구 용현동,032-870-2114,032-870-2489,http://www.inhatc.ac.kr
2013,전문대학(3년제),서울,적십자간호대학,본교,폐교,사립,110-102,서울 종로구 경교장길8,02-3700-3600,02-3700-3400,http://redcross.cau.ac.kr
2013,전문대학(3년제),제주,제주산업정보대학,본교,폐교,사립,690-714,제주 제주시 영평동 제주산업정보대학,064-754-0200,064-702-0933,www.jeju.ac.kr
2013,전문대학(3년제),광주,조선간호대학교,본교,기존,사립,501-825,광주 동구 서석동 280번지,062-231-7313,062-231-7315,www.cnc.ac.kr
2013,전문대학(3년제),경남,진주보건대학교,본교,기존,사립,660-757,경남 진주시 상봉서동 진주보건대학,055-740-1800,055-743-3010,www.jhc.ac.kr
2013,전문대학(3년제),경남,창원문성대학,본교,기존,사립,641-771,경남 창원시 두대동 196 창원문성대학,055-279-5114,055-273-7386,http://www.cmu.ac.kr
2013,전문대학(3년제),경기,청강문화산업대학교,본교,기존,사립,467-744,경기 이천시 마장면 청강로 162 청강문화산업대학,031-637-1114,031-637-9696,www.ck.ac.kr
2013,전문대학(3년제),울산,춘해보건대학교,본교,기존,사립,689-784,울산 울주군 웅촌면 대학길 9 춘해보건대학교,052-270-0100,052-225-9889,http://www.ch.ac.kr
2013,전문대학(3년제),경북,선린대학교,본교,기존,사립,791-712,경북 포항시 북구 흥해읍 선린대학 ,054-260-5000,054-261-9455,www.sunlin.ac.kr
2013,전문대학(3년제),경북,포항대학교,본교,기존,사립,791-941,경북 포항시 북구 흥해읍 죽천리 산 55,054-251-8000,,www.pohang.ac.kr
2013,전문대학(3년제),강원,한림성심대학교,본교,기존,사립,200-853,강원 춘천시 동면 장학길 48,033-240-9000,033-252-9462,http://www.hsc.ac.kr/
2013,전문대학(3년제),충남,혜전대학교,본교,기존,사립,350-702,충남 홍성군 홍성읍 혜전대학,041-630-5114,,www.hj.ac.kr
2013,전문대학(3년제),경기,서정대학교,본교,기존,사립,482-863,경기 양주시 은현면 화합로 1049-56,031-859-6900,031-859-6904,www.seojeong.ac.kr
2013,전문대학(3년제),경기,웅지세무대학교,본교,기존,사립,413-843,경기 파주시 탄현면 웅지로 144번길 73,031-940-3114,031-940-3199,www.wat.ac.kr
2013,전문대학(3년제),경남,김해대학교,본교,기존,사립,621-190,경남 김해시 삼안로 112번길 198,055-320-1600,055-322-2556,www.gimhae.ac.kr
2013,전문대학(3년제),경기,한국농수산대학,본교,기존,국립,445-893,경기 화성시 봉담읍 동화리 11-1,031-229-5114,031-229-5235,www.af.ac.kr
2013,전문대학(3년제),강원,한국골프대학,본교,기존,사립,225-811,강원 횡성군 우천면 하대리 281번지,070-7877-2000,070-7877-2001,www.kg.ac.kr
2013,전문대학(2년제),강원,원주대학,본교,폐교,국립,220-711,강원 원주시 흥업면 원주대학,033-760-8013,033-760-8019,
2013,전문대학(2년제),경기,한국철도대학,본교,폐교,국립,437-763,경기 의왕시 월암동 374-18 한국철도대학,031-461-4012,031-462-1531,www.krc.ac.kr
2013,전문대학(2년제),경남,경남도립거창대학,본교,기존,공립,670-804,경남 거창군 거창읍 거창대학로 72,055-254-2800,055-254-2718,www.gc.ac.kr
2013,전문대학(2년제),경남,경남도립남해대학,본교,기존,공립,668-801,경남 남해군 남해읍 남변리 195,055-254-2413,055-254-2419,www.namhae.ac.kr
2013,전문대학(2년제),충북,충북도립대학,본교,기존,공립,373-807,충북 옥천군 옥천읍 대학길 15,043-220-5320,043-220-5319,http://www.cpu.ac.kr
2013,전문대학(2년제),인천,인천전문대학,본교,폐교,공립,402-750,인천 남구 석정로 165,032-835-8114,032-835-0713,www.icc.ac.kr
2013,전문대학(2년제),인천,가천길대학,본교,폐교,사립,406-799,인천 연수구 함박뫼로 191 가천의과학대학교 ,032-820-4000,032-820-4049,www.gachon.ac.kr
2013,전문대학(2년제),경북,경산1대학교,본교,기존,사립,712-718,경북 경산시 하양읍 대경로 105길 19,053-850-8000,053-853-9715,www.gs.ac.kr
2013,전문대학(2년제),경북,영남외국어대학,본교,기존,사립,712-880,경북 경산시 남천면 남천로 780-9 ,053-810-0100,053-810-0199,www.yflc.ac.kr
2013,전문대학(2년제),경기,경원전문대학,본교,폐교,사립,461-702,경기 성남시 수정구 복정동 경원전문대학,031-750-5114,031-753-8828,
2013,전문대학(2년제),대구,계명문화대학교,본교,학교명 변경,사립,704-703,대구 달서구 달서대로 675 계명문화대학교,053-589-7744,053-589-7575,www.kmcu.ac.kr
2013,전문대학(2년제),경기,계원예술대학교,본교,기존,사립,437-712,경기도 의왕시 계원대학로 66 (내손동) 계원예술대학교,031-420-1700,031-424-7509,www.kaywon.ac.kr
2013,전문대학(2년제),경북,구미대학교,본교,기존,사립,730-711,경북 구미시 야은로 37,054-440-1114,054-442-8953,www.kumi.ac.kr
2013,전문대학(2년제),충북,강동대학교,본교,기존,사립,369-703,충북 음성군 감곡면 대학길 278번지 강동대학교,043-879-3300,043-881-3310,http://www.gangdong.ac.kr
2013,전문대학(2년제),경북,김천과학대학교,본교,기존,사립,740-703,경북 김천시 삼락동 김천과학대학,054-420-9203,054-420-9293,www.kcs.ac.kr
2013,전문대학(2년제),경북,김천대학,본교,폐교,사립,740-704,경북 김천시 대학로 214 김천대학,054-420-4000,054-420-4003,www.gimcheon.ac.kr
2013,전문대학(2년제),경북,대경대학교,본교,기존,사립,712-719,경북 경산시 자인면 대경대학 ,053-850-1000,053-850-1214,www.tk.ac.kr
2013,전문대학(2년제),대구,대구공업대학교,본교,기존,사립,704-721,대구 달서구 본동 대구공업대학교,053-527-0501,053-527-0506,www.ttc.ac.kr
2013,전문대학(2년제),대구,대구과학대학교,본교,기존,사립,702-723,대구 북구 영송로 47번지,053-324-6200,053-320-1045,www.tsu.ac.kr
2013,전문대학(2년제),부산,대동대학교,본교,기존,사립,609-715,부산 금정구 동부곡로 27번길 88 대동대학교,051-518-5444,051-514-5847,www.daedong.ac.kr
2013,전문대학(2년제),충북,대원대학교,본교,기존,사립,390-702,충북 제천시 대학로 316 대원대학교,043-645-9171,043-645-9170,www.daewon.ac.kr
2013,전문대학(2년제),경기,동서울대학교,본교,기존,사립,461-714,경기 성남시 수정구 복정로 76  ,031-720-2114,031-751-1094,www.dsc.ac.kr
2013,전문대학(2년제),대전,대전보건대학교,본교,기존,사립,300-711,대전광역시 동구 충정로 21 (가양2동 77-3),042-670-9000,042-670-9564,www.hit.ac.kr
2013,전문대학(2년제),대전,혜천대학교,본교,기존,사립,302-715,대전 서구 혜천로 100,042-580-6114,042-580-6159,www.hu.ac.kr
2013,전문대학(2년제),충남,아주자동차대학,본교,기존,사립,355-769,충남 보령시 주포면 아주자동차대학,041-939-3006,041-939-3457,motor.ac.kr
2013,전문대학(2년제),인천,인천재능대학교,본교,기존,사립,401-714,인천 동구 재담길2(송림동 122번지),032-890-7000,032-890-7080,www.jeiu.ac.kr
2013,전문대학(2년제),경북,경북과학대학교,본교,기존,사립,718-851,경북 칠곡군 기산면 지산로 634,054-979-9001,054-979-9130,www.kbsc.ac.kr
2013,전문대학(2년제),부산,동명대학,본교,폐교,사립,608-740,부산 남구 용당동 동명대학,,,
2013,전문대학(2년제),광주,동강대학교,본교,기존,사립,500-714,광주 북구 동문대로 50,062-520-2114,062-520-2216,www.dkc.ac.kr
2013,전문대학(2년제),강원,동우대학,본교,폐교,사립,217-711,강원 속초시 도리원길 5 동우대학,033-632-6551,033-632-6556,www.duc.ac.kr
2013,전문대학(2년제),부산,동의과학대학교,본교,기존,사립,614-715,부산 부산진구 양지5로 152번지 동의과학대학교,051-852-0011,051-860-3270,www.dit.ac.kr
2013,전문대학(2년제),경기,두원공과대학교,본교,기존,사립,456-718,경기 안성시 죽산면 관음당길 51 두원공과대학교,031-670-7000,031-670-7100,doowon.ac.kr
2013,전문대학(2년제),경북,문경대학교,본교,기존,사립,745-812,경북 문경시 호계면 대학길 161,054-559-1114,054-559-1059,www.mkc.ac.kr
2013,전문대학(2년제),전북,백제예술대학교,본교,기존,사립,565-702,전북 완주군 봉동읍 백제예술대학 ,063-260-9114,063-263-3607,www.paekche.ac.kr
2013,전문대학(2년제),전북,벽성대학,본교,기존,사립,576-711,전북 김제시 공덕면 유강3길 133 벽성대학,063-540-2300,063-540-2354,www.bs.ac.kr
2013,전문대학(2년제),부산,부산경상대학교,본교,기존,사립,611-701,부산 연제구 고분로170 부산경상대학교,051-850-1000,051-850-1133,www.bsks.ac.kr
2013,전문대학(2년제),부산,부산여자대학교,본교,기존,사립,614-734,부산 부산진구 양정1동 부산여자대학교,051-852-0081,051-867-4705,www.bwc.ac.kr
2013,전문대학(2년제),부산,부산과학기술대학교,본교,기존,사립,616-737,부산 북구 구포3동 산48-6,051-334-6666,051-334-7780,bist.ac.kr
2013,전문대학(2년제),경기,부천대학교,본교,기존,사립,420-735,경기 부천시 원미구 신흥로 56번길 25(심곡동) 부천대학교,032-610-0114,032-663-0114,www.bc.ac.kr
2013,전문대학(2년제),경기,삼육의명대학,본교,폐교,사립,472-742,경기 남양주시 별내면 삼육의명대학,02-3399-3636,02-979-5318,http://www.syc.edu
2013,전문대학(2년제),강원,상지영서대학교,본교,기존,사립,220-713,강원 원주시 상지대길 84(우산동),033-744-4150,033-744-1333,www.sy.ac.kr
2013,전문대학(2년제),경기,서울보건대학,본교,폐교,사립,461-713,경기 성남시 수정구 양지동 서울보건대학,,,www.shjc.ac.kr
2013,전문대학(2년제),서울,서일대학교,본교,학교명 변경,사립,131-702,서울 중랑구 서일대학길 22(면목동 49-3) 서일대학교,02-490-7300,02-493-2576,www.seoil.ac.kr
2013,전문대학(2년제),부산,성심외국어대학,본교,폐교,사립,612-743,부산 해운대구 반송3동 성심외국어대학,051-543-7000,051-543-9347,www.sungsim.ac.kr
2013,전문대학(2년제),경기,수원여자대학교,본교,기존,사립,441-748,경기 수원시 권선구 오목천동 수원여자대학 ,031-290-8000,031-292-6250,www.swc.ac.kr
2013,전문대학(2년제),전남,순천제일대학교,본교,기존,사립,540-744,전남 순천시 덕월동 순천제일대학 산9-3번지,061-740-1234,061-743-5106,www.suncheon.ac.kr
2013,전문대학(2년제),서울,숭의여자대학교,본교,기존,사립,100-751,서울특별시 중구 소파로2길 10(예장동),02-3708-9000,02-773-2625,www.sewc.ac.kr
2013,전문대학(2년제),경기,신구대학교,본교,기존,사립,462-743,경기 성남시 중원구 광명로 377,031-740-1114,031-734-0905,www.shingu.ac.kr
2013,전문대학(2년제),경기,신흥대학교,본교,기존,사립,480-701,경기 의정부시 호암로 95번지,031-870-3324,031-870-3329,www.shc.ac.kr
2013,전문대학(2년제),경기,신안산대학교,본교,기존,사립,425-792,경기 안산시 단원구 신안산대학로 135,031-490-6000,031-495-7828,www.sau.ac.kr
2013,전문대학(2년제),경남,양산대학교,본교,기존,사립,626-740,경남 양산시 명곡로 321번지 양산대학,055-370-8100,055-386-2000,www.yangsan.ac.kr
2013,전문대학(2년제),경기,여주대학교,본교,기존,사립,469-705,경기 여주군 여주읍 세종로 338번지,031-880-5000,031-883-5113,www.yit.ac.kr
2013,전문대학(2년제),충남,천안연암대학,본교,기존,사립,330-709,충남 천안시 성환읍 연암로 313 천안연암대학,041-580-1114,041-581-0401,www.yonam.ac.kr
2013,전문대학(2년제),대구,영남이공대학교,본교,기존,사립,705-703,대구광역시 남구 현충로 170(대명동),053-650-9114,,www.ync.ac.kr
2013,전문대학(2년제),강원,세경대학교,본교,기존,사립,230-714,강원 영월군 영월읍 하송로 197,033-371-3000,033-371-3059,www.saekyung.ac.kr
2013,전문대학(2년제),대구,영진전문대학,본교,기존,사립,702-020,대구 북구 복현로 35(복현동 218번지),053-940-5132,053-939-1050,http://www.yjc.ac.kr
2013,전문대학(2년제),세종,한국영상대학교,본교,학교명 변경,사립,314-713,세종특별자치시 장군면 대학길 300 한국영상대학교,044-850-9000,044-850-9870,www.pro.ac.kr
2013,전문대학(2년제),경기,유한대학교,본교,기존,사립,422-090,경기 부천시 소사구 괴안동 185-34(경인로 590),02-2610-0600,02-2614-6398,www.yuhan.ac.kr
2013,전문대학(2년제),서울,인덕대학교,본교,기존,사립,139-050,서울 노원구 초안산로 12,02-950-7000,02-906-5340,www.induk.ac.kr
2013,전문대학(2년제),경기,장안대학교,본교,기존,사립,445-756,경기 화성시 봉담읍 삼천병마로 1182 장안대학교,031-299-3366,031-227-8276,www.jangan.ac.kr
2013,전문대학(2년제),전남,전남과학대학교,본교,기존,사립,516-911,전남 곡성군 옥과면 대학로 113,061-360-5000,061-363-5020,www.chunnam-c.ac.kr
2013,전문대학(2년제),전북,전주비전대학교,본교,기존,사립,560-760,전북 전주시 완산구 효자동2가 전주비전대학교,063-220-4114,063-220-3629,www.jvision.ac.kr
2013,전문대학(2년제),전북,전북과학대학교,본교,기존,사립,580-712,전북 정읍시 시기3동 전북과학대학교,063-530-9114,063-532-3768,www.jbsc.ac.kr
2013,전문대학(2년제),제주,제주관광대학교,본교,기존,사립,690-791,제주특별자치도 제주시 애월읍 광령리 2535 제주관광대학교,064-740-8700,064-748-2829,www.ctc.ac.kr
2013,전문대학(2년제),광주,조선이공대학교,본교,기존,사립,501-744,광주 동구 필문대로 309-1 조선이공대학교,062-230-8114,062-232-4277,www.cst.ac.kr
2013,전문대학(2년제),충북,충북보건과학대학교,본교,기존,사립,363-794,충북 청원군 내수읍 덕암리 산 4번지,043-210-8114,043-214-9039,www.chsu.ac.kr
2013,전문대학(2년제),대전,우송공업대학,본교,폐교,사립,300-719,대전 동구 자양동 우송공업대학,,,www.wst.ac.kr
2013,전문대학(2년제),경남,창신대학,본교,폐교,사립,630-764,경남 창원시 마산회원구 팔용로 262 창신대학 ,055-251-3001,055-297-5181,www.csc.ac.kr
2013,전문대학(2년제),충남,백석문화대학교,본교,기존,사립,330-705,충남 천안시 안서동 백석문화대학,041-550-0700,,www.bscu.ac.kr
2013,전문대학(2년제),대전,대덕대학교,본교,기존,사립,305-715,대전광역시 유성구 가정북로 68 대덕대학교,042-866-0288,042-866-0445,www.ddc.ac.kr
2013,전문대학(2년제),충북,충청대학교,본교,기존,사립,363-792,충북 청원군 강내면 충청대학,043-230-2114,043-230-2115,www.ok.ac.kr
2013,전문대학(2년제),강원,강원관광대학교,본교,기존,사립,235-010,강원 태백시 황지동 439번지,033-550-6114,033-553-7322,www.kt.ac.kr
2013,전문대학(2년제),경기,국제대학교,본교,기존,사립,459-070,경기 평택시 장안웃길 56번지,031-610-8000,031-668-4900,www.kookje.ac.kr
2013,전문대학(2년제),제주,제주한라대학교,본교,기존,사립,690-708,제주특별자치도 제주시 한라대학로 38,064-741-7575,064-747-3989,www.chu.ac.kr
2013,전문대학(2년제),서울,한양여자대학교,본교,기존,사립,133-070,서울 성동구 행당동 살곶이길 200,02-2290-2114,02-2291-6111,www.hywoman.ac.kr
2013,전문대학(2년제),전남,한영대학,본교,기존,사립,550-704,전남 여수시 여서동 한영대학,061-650-4000,061-650-4020,www.hanyeong.ac.kr
2013,전문대학(2년제),경기,경기과학기술대학교,본교,기존,사립,429-792,경기 시흥시 경기과기대로 269 (정왕동 2121-3),031-496-4555,031-319-9666,www.gtec.ac.kr
2013,전문대학(2년제),부산,부산예술대학교,본교,기존,사립,608-025,부산 남구 대연5동 1552,051-628-3990,051-628-2719,www.busanarts.ac.kr
2013,전문대학(2년제),전남,전남도립대학교,본교,기존,공립,517-802,전남 담양군 담양읍 죽녹원로 152,061-380-8411,061-381-9100,www.dorip.ac.kr
2013,전문대학(2년제),강원,송호대학교,본교,기존,사립,225-704,강원 횡성군 횡성읍 남산로 210,033-340-1000,033-340-1006,www.songho.ac.kr
2013,전문대학(2년제),경기,한국관광대학교,본교,기존,사립,467-745,경기 이천시 신둔면 고척리 한국관광대학교,031-644-1000,031-644-1122,www.ktc.ac.kr
2013,전문대학(2년제),강원,송곡대학교,본교,기존,사립,200-911,강원 춘천시 남산면 한치로 69-67,033-260-3600,033-261-4599,www.songgok.ac.kr
2013,전문대학(2년제),경남,한국승강기대학교,본교,기존,사립,670-802,경남 거창군 거창읍 운정1길 120,055-949-2220,055-949-2222,http://www.klc.ac.kr
2013,교육대학,충남,공주교육대학교,본교,기존,국립,314-711,충남 공주시 봉황동 공주교육대학교,041-850-1114,041-854-1578,www.gjue.ac.kr
2013,교육대학,광주,광주교육대학교,본교,기존,국립,500-703,광주광역시 북구 필문대로55  광주교육대학교,062-520-4114,062-524-6022,www.gnue.ac.kr
2013,교육대학,대구,대구교육대학교,본교,기존,국립,705-715,대구 남구 중앙대로 219,053-620-1114,053-651-5369,http://www.dnue.ac.kr
2013,교육대학,부산,부산교육대학교,본교,기존,국립,611-736,부산 연제구 교대로 24번지(거제1동) 부산교육대학교 ,051-500-7114,051-505-4908,www.bnue.ac.kr
2013,교육대학,서울,서울교육대학교,본교,기존,국립,137-742,서울 서초구 서초중앙로 96(서초동 1650),02-3475-2114,02-581-7711,www.snue.ac.kr
2013,교육대학,인천,경인교육대학교,본교,기존,국립,407-753,인천 계양구 계산1동 산59-12,032-540-1114,032-541-0580,www.ginue.ac.kr
2013,교육대학,경기,경인교육대학교,제2캠퍼스,기존,국립,430-040,경기 안양시 만안구 석수동 6-8번지,031-470-6114,031-470-6139,www.ginue.ac.kr
2013,교육대학,전북,전주교육대학교,본교,기존,국립,560-757,전북 전주시 완산구 동서학동 전주교육대학교 ,063-281-7114,063-281-0102,www.jnue.kr
2013,교육대학,경남,진주교육대학교,본교,기존,국립,660-756,경남 진주시 신안동 진주교육대학교,055-740-1114,055-745-8741,www.cue.ac.kr
2013,교육대학,충북,청주교육대학교,본교,기존,국립,361-150,충북 청주시 흥덕구 수곡동 135,043-299-0633,,www.cje.ac.kr
2013,교육대학,강원,춘천교육대학교,본교,기존,국립,200-703,강원도 춘천시 공지로 126 춘천교육대학교,033-260-6000,033-261-4328,www.cnue.ac.kr
2013,일반대학,강원,강릉원주대학교,본교,기존,국립,210-702,강원 강릉시 지변동 강릉원주대학교 ,,,www.gwnu.ac.kr
2013,일반대학,강원,강릉원주대학교,제2캠퍼스,기존,국립,220-711,강원 원주시 남원로 901 강릉원주대학교 원주캠퍼스,033-760-8114,033-760-8059,www.gwnu.ac.kr
2013,일반대학,강원,강원대학교,본교,기존,국립,200-701,강원 춘천시 강원대학길1(효자동) 강원대학교,033-250-6114,033-251-9556,http://www.kangwon.ac.kr/
2013,일반대학,강원,강원대학교,제2캠퍼스,기존,국립,245-932,강원 삼척시 중앙로 346(교동 산 253),033-570-6114,033-572-8620,http://samcheok.kangwon.ac.kr/
2013,일반대학,대구,경북대학교,본교,기존,국립,702-701,대구광역시 북구 대학로 80 경북대학교 ,053-950-5114,,www.knu.ac.kr
2013,일반대학,경북,경북대학교,제2캠퍼스,폐교,국립,742-711,경북 상주시 경상대로 2559 ,054-532-6000,,http://www.knu.ac.kr/
2013,일반대학,경남,경상대학교,본교,기존,국립,660-701,경남 진주시 진주대로 501,055-772-0114,055-772-0359,www.gnu.ac.kr
2013,일반대학,충남,공주대학교,본교,기존,국립,314-701,충남 공주시 신관동  182 번지 공주대학교,041-850-8114,041-850-0880,www.kongju.ac.kr
2013,일반대학,전북,군산대학교,본교,기존,국립,573-701,전라북도 군산시 대학로 558(미룡동 군산대학교),063-469-4113,,http://kunsan.ac.kr
2013,일반대학,경북,금오공과대학교,본교,기존,국립,730-701,경북 구미시 대학로 61 금오공과대학교,054-478-7114,054-478-7100,www.kumoh.ac.kr
2013,일반대학,전남,목포대학교,본교,기존,국립,534-729,전남 무안군 청계면 도림리 목포대학교,061-450-2114,061-452-4793,www.mokpo.ac.kr
2013,일반대학,전남,목포해양대학교,본교,기존,국립,530-729,전라남도 목포시 해양대학로 91 목포해양대학교,061-240-7114,061-242-5176,www.mmu.ac.kr
2013,일반대학,부산,부경대학교,본교,기존,국립,608-737,부산 남구 대연3동 599-1 부경대학교,051-629-4114,051-629-5119,www.pknu.ac.kr
2013,일반대학,부산,부산대학교,본교,기존,국립,609-735,부산 금정구 장전2동 산30 부산대학교 부산캠퍼스,051-512-0311,051-512-3368,www.pusan.ac.kr
2013,일반대학,서울,서울대학교,본교,기존,국립대법인,151-742,서울 관악구 관악로 1 서울대학교,02-880-5114,02-885-5272,www.snu.ac.kr
2013,일반대학,전남,순천대학교,본교,기존,국립,540-742,전남 순천시 매곡동 순천대학교,061-750-3114,,www.sunchon.ac.kr
2013,일반대학,경북,안동대학교,본교,기존,국립,760-749,경북 안동시 경동로 1375(송천동) 안동대학교,054-820-5114,054-820-5757,www.andong.ac.kr
2013,일반대학,광주,전남대학교,본교,기존,국립,500-757,광주 북구 용봉로 333,062-530-5114,,www.chonnam.ac.kr
2013,일반대학,전남,전남대학교,제2캠퍼스,기존,국립,550-749,전남 여수시 둔덕동 산96-1,,,www.chonnam.ac.kr
2013,일반대학,전북,전북대학교,본교,기존,국립,561-756,전북 전주시 덕진구 덕진동1가 전북대학교,063-270-2114,063-276-0429,www.jbnu.ac.kr
2013,일반대학,제주,제주대학교,본교,기존,국립,690-756,제주특별자치도 제주시 아라1동 제주대학로 102,064-754-2114,064-755-6130,www.jejunu.ac.kr
2013,일반대학,경남,창원대학교,본교,기존,국립,641-773,경남 창원시 의창구 창원대학로 20,055-213-2114,,www.changwon.ac.kr
2013,일반대학,대전,충남대학교,본교,기존,국립,305-764,대전 유성구 궁동 충남대학교,042-821-5114,042-823-8589,http://www.cnu.ac.kr
2013,일반대학,충북,충북대학교,본교,기존,국립,361-763,충북 청주시 흥덕구 내수동로 52(개신동),"043-261-2114,3114",043-263-0612,www.chungbuk.ac.kr
2013,일반대학,충북,한국교원대학교,본교,기존,국립,363-791,충북 청원군 강내면 한국교원대학교,043-230-3114,043-233-2960,www.knue.ac.kr
2013,일반대학,서울,한국체육대학교,본교,기존,국립,138-763,서울 송파구 오륜동 한국체육대학교,02-410-6564,02-410-6569,www.knsu.ac.kr/
2013,일반대학,부산,한국해양대학교,본교,기존,국립,606-791,부산 영도구 동삼2동 한국해양대학교,051-410-4114,051-405-2475,www.hhu.ac.kr
2013,일반대학,충북,한국교통대학교,본교,기존,국립,380-702,충북 충주시 대소원면 대학로 50 ,043-841-5000,043-853-1236,www.ut.ac.kr
2013,일반대학,경남,경남과학기술대학교,본교,기존,국립,660-758,경남 진주시 동진로33 경남과학기술대학교,055-751-3114,055-752-9554,http://www.gntech.ac.kr
2013,일반대학,서울,서울과학기술대학교,본교,학제 변경,국립,139-743,서울 노원구 공릉로 232 (공릉동 172),02-970-6114,02-970-6088,www.seoultech.ac.kr
2013,일반대학,경기,한경대학교,본교,기존,국립,456-749,경기 안성시 중앙로 327(석정동),031-670-5114,031-670-5469,www.hknu.ac.kr
2013,일반대학,대전,한밭대학교,본교,기존,국립,305-719,대전 유성구 덕명동 한밭대학교 ,042-821-1038,042-825-5395,www.hanbat.ac.kr
2013,일반대학,서울,서울시립대학교,본교,기존,공립,130-743,서울 동대문구 서울시립대로 163 (전농동 90번지) ,02-6490-6114,02-2210-5576,www.uos.ac.kr
2013,일반대학,인천,인천대학교,본교,기존,국립대법인,406-840,인천 연수구 아카데미로 119 ,032-835-8114,032-835-0713,www.incheon.ac.kr
2013,일반대학,경북,가야대학교,본교,기존,사립,717-802,경북 고령군 고령읍 대가야로 1103,055-330-1000,055-331-0112,WWW.KAYA.AC.KR
2013,일반대학,경남,가야대학교,제2캠퍼스,기존,사립,621-070,경남 김해시 삼계로 208 (삼계동),055-330-1000,055-331-0983,WWW.KAYA.AC.KR
2013,일반대학,경기,가톨릭대학교,본교,기존,사립,420-743,경기 부천시 원미구 역곡2동 가톨릭대학교 성심교정 ,02-2164-4114,02-2164-4754,www.catholic.ac.kr
2013,일반대학,서울,가톨릭대학교,제2캠퍼스,기존,사립,137-040,서울 서초구 반포동 505,,,songeui.catholic.ac.kr
2013,일반대학,서울,가톨릭대학교,제3캠퍼스,기존,사립,110-758,서울 종로구 창경궁로 296-12(혜화동) ,02-740-9714,02-741-2801,http://catholic.ac.kr
2013,일반대학,서울,감리교신학대학교,본교,기존,사립,120-701,서울 서대문구 냉천동 감리교신학대학,02-361-9114,02-361-9299,www.mtu.ac.kr
2013,일반대학,경기,강남대학교,본교,기존,사립,446-702,경기 용인시 기흥구 구갈동 111번지 강남대학교,031-280-3500,031-281-3604,www.kangnam.ac.kr
2013,일반대학,서울,건국대학교,본교,기존,사립,143-914,서울 광진구 화양동,02-450-3114,02-450-4126,www.konkuk.ac.kr
2013,일반대학,충북,건국대학교,분교1,기존,사립,380-701,충북 충주시 충원대로 268 건국대학교 GLOCAL캠퍼스,043-840-3114,043-851-6136,www.kku.ac.kr
2013,일반대학,충남,건양대학교,본교,기존,사립,320-711,충남 논산시 내동 건양대학교,041-730-5114,041-733-2070,www.konyang.ac.kr
2013,일반대학,대전,건양대학교,제2캠퍼스,기존,사립,302-718,대전 서구 가수원동 685번지,041-730-5114,041-733-2070,www.konyang.ac.kr
2013,일반대학,경기,경기대학교,본교,기존,사립,443-760,경기 수원시 영통구 광교산로 154-42 경기대학교,031-249-9114,031-249-8718,www.kyonggi.ac.kr
2013,일반대학,서울,경기대학교,제2캠퍼스,기존,사립,120-702,서울 서대문구 경기대로9길 24 경기대학교,02-390-5114,031-249-8718,www.kyonggi.ac.kr
2013,일반대학,경남,경남대학교,본교,기존,사립,631-701,경남 창원시 마산합포구 경남대학로 7(월영동),055-245-5000,055-246-6184,www.kyungnam.ac.kr
2013,일반대학,강원,경동대학교,본교,기존,사립,219-705,강원 고성군 토성면 봉포4길 46(산91-1),,,
2013,일반대학,강원,경동대학교,제2캠퍼스,기존,사립,217-070,강원 속초시 도리원길 5 (산244번지),,,
2013,일반대학,강원,경동대학교,제3캠퍼스,기존,사립,220-800,강원 원주시 문막읍 견훤로 815 (산58-2),,,
2013,일반대학,경북,대구한의대학교,본교,기존,사립,712-715,경북 경산시 유곡동 대구한의대학교,053-819-1000,053-819-1258,www.dhu.ac.kr
2013,일반대학,부산,경성대학교,본교,기존,사립,608-736,부산광역시 남구 수영로 309(대연동),051-663-4114,051-663-4089,http://ks.ac.kr
2013,일반대학,경기,가천대학교,본교,기존,사립,461-701,경기 성남시 수정구 성남대로 1342 (복정동),031-750-5114,031-753-8828,www.gachon.ac.kr
2013,일반대학,경북,경일대학교,본교,기존,사립,712-701,경북 경산시 하양읍 경일대학교,053-600-4000,053-600-4020,www.kiu.ac.kr
2013,일반대학,경북,경주대학교,본교,기존,사립,780-712,경북 경주시 태종로 188 경주대학교,054-770-5114,054-748-5553,www.gju.ac.kr
2013,일반대학,서울,경희대학교,본교,기존,사립,130-701,서울 동대문구 회기동 경희대학교,02-961-0114,02-961-0930,www.khu.ac.kr
2013,일반대학,대구,계명대학교,본교,기존,사립,704-701,대구 달서구 달구벌대로 1095 계명대학교 성서캠퍼스,053-580-5114,053-580-5454,www.kmu.ac.kr
2013,일반대학,서울,고려대학교,본교,기존,사립,136-701,서울 성북구 안암동 고려대학교,02-3290-1114,,www.korea.ac.kr
2013,일반대학,세종,고려대학교 세종캠퍼스,분교1,기존,사립,339-700,세종특별자치시 조치원읍 서창리 고려대학교세종캠퍼스 ,044-860-1114,044-862-5182,sejong.korea.ac.kr
2013,일반대학,부산,고신대학교,본교,기존,사립,606-080,부산 영도구 동삼동  149-1,051-990-2114,051-911-2525,www.kosin.ac.kr
2013,일반대학,강원,관동대학교,본교,기존,사립,210-701,강원도 강릉시 범일로 579번길 24(내곡동),033-649-7114,033-641-1010,www.kd.ac.kr
2013,일반대학,광주,광신대학교,본교,기존,사립,500-710,광주 북구 본촌동 산70 광신대학교,062-605-1004,062-571-7255,www.kwangshin.ac.kr
2013,일반대학,서울,광운대학교,본교,기존,사립,139-701,서울특별시 노원구 월계동 447-1,,,http://www.kw.ac.kr
2013,일반대학,전남,광주가톨릭대학교,본교,기존,사립,520-710,전남 나주시 남평읍 광주가톨릭대학교,061-337-2181,061-337-2185,www.gjcatholic.ac.kr
2013,일반대학,광주,광주여자대학교,본교,기존,사립,506-713,광주 광산구 산정동 광주여자대학교,062-956-2500,062-953-2218,www.kwu.ac.kr
2013,일반대학,서울,국민대학교,본교,기존,사립,136-702,서울 성북구 정릉3동 국민대학교,02-910-4114,,www.kookmin.ac.kr
2013,일반대학,서울,그리스도대학교,본교,기존,사립,157-722,서울 강서구 화곡6동 그리스도대학교,02-2600-2400,02-2698-8876,kcu.ac.kr
2013,일반대학,충북,극동대학교,본교,기존,사립,369-700,충북 음성군 감곡면 왕장리 극동대학교,043-879-3500,043-882-3310,www.kdu.ac.kr
2013,일반대학,충남,나사렛대학교,본교,기존,사립,330-718,충남 천안시 쌍용2동 456번 나사렛대학교,041-570-7700,041-570-7725,www.kornu.ac.kr
2013,일반대학,경기,단국대학교,본교,기존,사립,448-160,경기 용인시 수지구 죽전동 126번지,031-8005-2114,031-8005-2116,WWW://dankook.ac.kr
2013,일반대학,충남,단국대학교,분교1,기존,사립,330-714,충남 천안시 동남구 안서동 산29번지,041-550-1114,041-550-1119,www.dankook.ac.kr
2013,일반대학,경북,대구대학교,본교,기존,사립,712-714,경북 경산시 진량읍 대구대학교경산캠퍼스,053-850-5000,053-850-5019,www.daegu.ac.kr
2013,일반대학,경북,대구예술대학교,본교,기존,사립,718-912,경상북도 칠곡군 가산면 다부 거문1길 202,054-973-5311,054-973-5319,www.dgau.ac.kr
2013,일반대학,경북,대구가톨릭대학교,본교,기존,사립,712-702,경북 경산시 하양읍 하양로 13-13,053-850-3114,053-852-8030,www.cu.ac.kr
2013,일반대학,전남,세한대학교,본교,기존,사립,526-895,전남 영암군 삼호읍 녹색로 1113,061-469-1114,061-462-2510,http://www.sehan.ac.kr
2013,일반대학,경북,대신대학교,본교,기존,사립,712-713,경북 경산시 백천동 대신대학교,053-810-0701,053-813-0006,www.daeshin.ac.kr
2013,일반대학,세종,대전가톨릭대학교,본교,기존,사립,339-854,세종특별자치시 전의면 가톨릭대학로 30,044-861-7101,044-861-7106,dcatholic.ac.kr
2013,일반대학,대전,대전대학교,본교,기존,사립,300-716,대전 동구 대학로 62 (용운동) 대전대학교,042-280-2114,042-283-8808,www.dju.ac.kr
2013,일반대학,경기,대진대학교,본교,기존,사립,487-711,경기 포천시 호국로 1007 대진대학교,031-539-1114,031-539-1115,www.daejin.ac.kr
2013,일반대학,서울,서울기독대학교,본교,기존,사립,122-879,서울 은평구 갈현로 4길 26-2호,02-380-2500,02-380-2535,www.scu.ac.kr
2013,일반대학,서울,덕성여자대학교,본교,기존,사립,132-714,서울특별시 도봉구 삼양로 144길 33,02-901-8000,,http://www.duksung.ac.kr
2013,일반대학,서울,동국대학교,본교,기존,사립,100-715,서울 중구 필동3가 동국대학교,02-2260-3114,02-2277-1274,http://www.dongguk.edu
2013,일반대학,경북,동국대학교,분교1,기존,사립,780-714,경북 경주시 동대로 123번지 동국대학교 경주캠퍼스,054-770-2114,054-770-2001,web.dongguk.ac.kr
2013,일반대학,서울,동덕여자대학교,본교,기존,사립,136-714,서울 성북구 하월곡2동 동덕여자대학교,02-940-4000,02-940-4182,www.dongduk.ac.kr
2013,일반대학,부산,동서대학교,본교,기존,사립,617-716,부산 사상구 주례2동 동서대학교,051-313-2001,051-313-1046,www.dongseo.ac.kr
2013,일반대학,전남,동신대학교,본교,기존,사립,520-714,전남 나주시 대호동 동신대학교,061-330-3114,061-330-2909,http://www.dsu.ac.kr
2013,일반대학,부산,동아대학교,본교,기존,사립,604-714,부산 사하구 하단2동 동아대학교,051-200-6114,051-201-5430,www.donga.ac.kr
2013,일반대학,경북,동양대학교,본교,기존,사립,750-711,경북 영주시 풍기읍 동양대학교,054-630-1114,054-637-4053,www.dyu.ac.kr
2013,일반대학,부산,동의대학교,본교,기존,사립,614-714,부산 부산진구 엄광로 176 동의대학교,051-890-1114,051-890-1234,www.deu.ac.kr
2013,일반대학,경기,루터대학교,본교,기존,사립,446-700,경기 용인시 기흥구 상갈동 금화로82번길 20 루터대학교,031-679-2300,031-283-1505,www.ltu.ac.kr
2013,일반대학,서울,명지대학교 인문캠퍼스,제2캠퍼스,기존,사립,120-120,서울 서대문구 남가좌동 50-3,02-300-1556,02-300-1556,www.mju.ac.kr
2013,일반대학,경기,명지대학교 자연캠퍼스,본교,기존,사립,449-728,경기 용인시 처인구 남동 산 38-2,031-332-2459,031-332-2459,www.mju.ac.kr
2013,일반대학,대전,목원대학교,본교,기존,사립,302-729,대전 서구 목원길21(도안동) 목원대학교,042-829-7114,042-825-5020,www.mokwon.ac.kr
2013,일반대학,대전,배재대학교,본교,기존,사립,302-735,대전 서구 배재로 155-40(도마동),042-520-5114,042-533-7354,www.pcu.ac.kr
2013,일반대학,부산,부산가톨릭대학교,본교,기존,사립,609-757,부산 금정구 부곡3동 9번지 부산가톨릭대학교,051-515-5811~5,051-514-1576,www.cup.ac.kr
2013,일반대학,부산,부산외국어대학교,본교,기존,사립,608-738,부산 남구 석포로 15 부산외국어대학교,051-643-5117,051-645-4525,www.bufs.ac.kr
2013,일반대학,서울,삼육대학교,본교,기존,사립,139-742,서울시 노원구 화랑로 815(공릉2동 26-21),02-3399-3636,02-979-5318,http://www.syu.ac.kr
2013,일반대학,서울,상명대학교,본교,기존,사립,110-743,서울 종로구 홍지동 상명대학교,02-2287-5114,02-2287-0031,www.smu.ac.kr
2013,일반대학,충남,상명대학교,분교1,기존,사립,330-720,충남 천안시 동남구 상명대길 31,041-550-5114,041-550-5032,www.smu.ac.kr
2013,일반대학,강원,상지대학교,본교,기존,사립,220-702,강원도 원주시 상지대길 83번지(우산동),033-730-0114,033-745-2433,www.sangji.ac.kr
2013,일반대학,서울,서강대학교,본교,기존,사립,121-742,서울 마포구 신수동 서강대학교,02-705-8114,,www.sogang.ac.kr
2013,일반대학,서울,서경대학교,본교,기존,사립,136-704,서울 성북구 정릉4동 서경대학교,02-940-7114,02-919-0345,http://www.skuniv.ac.kr
2013,일반대학,전북,서남대학교,본교,기존,사립,590-711,전북 남원시 광치동 서남대학교,063-620-0114,063-620-0013,www.seonam.ac.kr
2013,일반대학,충남,서남대학교,제2캠퍼스,기존,사립,336-922,충남 아산시 송악면 평촌리 산 36-1,041-539-5511,041-539-5514,asan.seonam.ac.kr
2013,일반대학,경기,서울신학대학교,본교,기존,사립,422-230,경기 부천시 소사구 소사본동 101,032-340-9114,032-349-9400,www.stu.ac.kr
2013,일반대학,서울,서울여자대학교,본교,기존,사립,139-774,서울특별시 노원구 화랑로 621 서울여자대학교,02-970-5114,02-978-7931,www.swu.ac.kr
2013,일반대학,경기,서울장신대학교,본교,기존,사립,464-742,경기 광주시 경안로 145 (경안동 219-1) 서울장신대학교,031-799-9000,031-765-1232,www.sjs.ac.kr
2013,일반대학,충북,서원대학교,본교,기존,사립,361-742,충북 청주시 흥덕구 모충동 서원대학교,043-299-8114,043-283-8822,www.seowon.ac.kr
2013,일반대학,충남,선문대학교,본교,기존,사립,336-708,충남 아산시 탕정면 선문대학교,041-530-2114,041-530-2988,www.sunmoon.ac.kr
2013,일반대학,경기,성결대학교,본교,기존,사립,430-742,경기 안양시 만안구 성결대학교로 53,031-467-8114,031-449-0529,www.sungkyul.edu
2013,일반대학,서울,성공회대학교,본교,기존,사립,152-716,서울 구로구 항동 성공회대학교,02-2610-4142,02-2610-4248,www.skhu.ac.kr
2013,일반대학,서울,성균관대학교,본교,기존,사립,110-745,서울 종로구 명륜동3가 성균관대학교,02-760-0114,,http://www.skku.edu
2013,일반대학,서울,성신여자대학교,본교,기존,사립,136-742,서울 성북구 동선동3가 성신여자대학교,02-920-7114,02-920-2018,www.sungshin.ac.kr
2013,일반대학,충북,세명대학교,본교,기존,사립,390-711,충북 제천시 신월동 세명대학교,043-645-1125,043-644-2111,www.semyung.ac.kr
2013,일반대학,서울,세종대학교,본교,기존,사립,143-747,서울 광진구 군자동 세종대학교,02-3408-3114,02-3408-3906,www.sejong.ac.kr
2013,일반대학,경기,수원가톨릭대학교,본교,기존,사립,447-703,경기 화성시 봉담읍 왕림1길 67,031-290-8800,031-227-4526,www.suwoncatholic.ac.kr
2013,일반대학,경기,수원대학교,본교,기존,사립,445-743,경기 화성시 봉담읍 와우리 와우안길 17,031-220-2101,,suwon.ac.kr
2013,일반대학,서울,숙명여자대학교,본교,기존,사립,140-742,서울 용산구 청파로47길 100 숙명여자대학교,,,http://www.sookmyung.ac.kr/
2013,일반대학,충남,순천향대학교,본교,기존,사립,336-745,충남 아산시 신창면 순천향로 22,041-530-1114,041-542-4615,www.sch.ac.kr
2013,일반대학,서울,숭실대학교,본교,기존,사립,156-743,서울 동작구 상도동 511 숭실대학교,02-8200-114,,www.ssu.ac.kr
2013,일반대학,부산,신라대학교,본교,기존,사립,617-736,부산광역시 사상구 백양대로 700번길 140(괘법동),051-999-5000,051-999-5800,www.silla.ac.kr
2013,일반대학,경기,아세아연합신학대학교,본교,기존,사립,476-751,경기 양평군 옥천면 아신리 산151-1 아세아연합신학대학교 ,031-770-7700,031-772-5479,
2013,일반대학,경기,아주대학교,본교,기존,사립,442-749,경기도 수원시 영통구 원천동 산 5번지 아주대학교,031-219-2114,031-213-5158,www.ajou.ac.kr
2013,일반대학,경기,안양대학교,본교,기존,사립,430-714,경기 안양시 만안구 안양5동 안양대학교 708-113번지,031-467-0700,031-448-3870,www.anyang.ac.kr
2013,일반대학,인천,안양대학교,제2캠퍼스,기존,사립,417-833,인천 강화군 불은면 삼성리 산102번지,032-930-6210,032-930-6215,http//www.anyang.ac.kr
2013,일반대학,서울,연세대학교,본교,기존,사립,120-749,서울 서대문구 신촌동 연세대학교,02-2123-2114,02-392-0618,www.yonsei.ac.kr
2013,일반대학,강원,연세대학교 원주캠퍼스,분교1,기존,사립,220-710,강원도 원주시 연세대길 1,033-760-2114,033-762-4332,www.yonsei.ac.kr/wonju
2013,일반대학,경북,영남대학교,본교,기존,사립,712-749,경상북도 경산시 대학로 280 영남대학교,053-810-2114,053-810-2036,http://www.yu.ac.kr
2013,일반대학,경북,영남신학대학교,본교,기존,사립,712-720,경북 경산시 진량읍 영남신학대학교,053-850-0500,053-852-9815,www.ytus.ac.kr
2013,일반대학,충북,영동대학교,본교,기존,사립,370-701,충북 영동군 영동읍 영동대학교,043-740-1114,043-740-1029,www.youngdong.ac.kr
2013,일반대학,전남,영산선학대학교,본교,기존,사립,513-902,전남 영광군 백수읍 성지로 1357,061-350-6015,061-350-6040,http://www.youngsan.ac.kr
2013,일반대학,경기,용인대학교,본교,기존,사립,449-714,경기 용인시 처인구 삼가동 용인대학교 ,031-332-6471,031-332-6479,www.yongin.ac.kr
2013,일반대학,전북,우석대학교,본교,기존,사립,565-701,전북 완주군 삼례읍 우석대학교,063-290-1114,063-291-9312,www.woosuk.ac.kr
2013,일반대학,울산,울산대학교,본교,기존,사립,680-749,울산 남구 대학로 93 울산대학교,052-259-2033,052-277-3419,www.ulsan.ac.kr
2013,일반대학,전북,원광대학교,본교,기존,사립,570-749,전북 익산시 신용동 원광대학교 ,063-850-5114,063-850-6666,http://www.wonkwang.ac.kr
2013,일반대학,경북,위덕대학교,본교,기존,사립,780-713,경북 경주시 강동면 동해대로 261,054-760-1114,054-760-1059,www.uu.ac.kr
2013,일반대학,대전,을지대학교 대전캠퍼스,본교,기존,사립,301-746,대전 중구 용두동 을지대학교대전캠퍼스 ,042-259-1500,042-259-1539,www.eulji.ac.kr
2013,일반대학,경기,을지대학교 성남캠퍼스,제2캠퍼스,기존,사립,461-713,경기 성남시 수정구 양지동 212,031-740-7114,031-740-7195,www.eulji.ac.kr
2013,일반대학,서울,이화여자대학교,본교,기존,사립,120-750,서울 서대문구 대현동 11-1 이화여자대학교,02-3277-2114,02-393-5903,www.ewha.ac.kr
2013,일반대학,경남,인제대학교,본교,기존,사립,621-749,경남 김해시 어방동 인제대학교,055-334-71111~8,055-334-0712,http://www.inje.ac.kr
2013,일반대학,부산,인제대학교,제2캠퍼스,기존,사립,614-110,부산 부산진구 개금동 633-165,051-894-3421,051-895-1864,www.inje.ac.kr
2013,일반대학,인천,인천가톨릭대학교,본교,기존,사립,417-852,인천광역시 강화군 양도면 고려왕릉로 53,032-930-8000,032-937-8118,www.iccu.ac.kr
2013,일반대학,인천,인천가톨릭대학교,제2캠퍼스,기존,사립,406-840,인천광역시 연수구 해송로 12(송도동),032-830-7000,032-830-7011,
2013,일반대학,인천,인하대학교,본교,기존,사립,402-020,인천 남구 용현동,032-860-7114,,www.inha.ac.kr
2013,일반대학,서울,장로회신학대학교,본교,기존,사립,143-756,서울 광진구 광장로 5길 25-1(광장동) 장로회신학대학교,02-450-0700,,www.pcts.ac.kr
2013,일반대학,전북,전주대학교,본교,기존,사립,560-759,전북 전주시 완산구 천잠로 303 전주대학교,063-220-4114,063-220-2464,www.jj.ac.kr
2013,일반대학,광주,조선대학교,본교,기존,사립,501-759,광주 동구 서석동 조선대학교,062-230-7114,062-232-8834,chosun.ac.kr
2013,일반대학,충남,중부대학교,본교,기존,사립,312-702,충남 금산군 추부면 중부대학교,041-750-6500,041-750-6060,www.joongbu.ac.kr
2013,일반대학,서울,중앙대학교 서울캠퍼스,본교,기존,사립,156-756,서울 동작구 흑석로 84,02-820-5114,,www.cau.ac.kr
2013,일반대학,경기,중앙대학교 안성캠퍼스,제2캠퍼스,기존,사립,456-756,경기 안성시 대덕면 서동대로 4726,031-670-3114,,www.cau.ac.kr
2013,일반대학,경기,중앙승가대학교,본교,기존,사립,415-768,경기 김포시 승가로 123 (풍무동),031-980-7777,031-980-7778,http://www.sangha.ac.kr
2013,일반대학,충남,백석대학교,본교,기존,사립,330-704,충남 천안시 안서동 문암로 76  백석대학교,041-550-9114,,www.bu.ac.kr
2013,일반대학,충북,청주대학교,본교,기존,사립,360-764,충북 청주시 상당구 대성로 298(내덕동),043-229-8114,043-229-8110,www.cju.ac.kr
2013,일반대학,서울,총신대학교,본교,기존,사립,156-090,서울 동작구 사당동 산31-3,02-3479-0200,02-536-2602,http://www.chongshin.ac.kr
2013,일반대학,서울,추계예술대학교,본교,기존,사립,120-763,서울 서대문구 북아현동 190-1 추계예술대학교,02-362-5700,02-392-1777,www.chugye.ac.kr
2013,일반대학,대전,침례신학대학교,본교,기존,사립,305-358,대전광역시 유성구 북유성대로 190(하기동 산 14번지),042-828-3114,042-825-1354,www.kbtus.ac.kr
2013,일반대학,경기,칼빈대학교,본교,기존,사립,446-912,경기 용인시 기흥구 마북동 142-12,031-284-4752,031-284-4588,www.calvin.ac.kr
2013,일반대학,제주,탐라대학교,본교,폐교,사립,697-340,제주 서귀포시 하원동 산70번지,064-754-0200,064-702-0933,www.jeju.ac.kr
2013,일반대학,경기,평택대학교,본교,기존,사립,450-701,경기 평택시 용이동 평택대학교,031-659-8114,031-659-8011,www.ptu.ac.kr
2013,일반대학,경기,차의과학대학교,본교,기존,사립,487-010,경기 포천시 해룡로 120,,031-543-2716,www.cha.ac.kr
2013,일반대학,경북,포항공과대학교,본교,기존,사립,790-784,경상북도 포항시 남구 효자동 산 31번지,054-279-0114,054-279-8099,www.postech.ac.kr
2013,일반대학,충남,한국기술교육대학교,본교,기존,사립,330-861,충남 천안시 동남구 병천면 충절로 1600,041-560-1114,041-560-2519,www.koreatech.ac.kr
2013,일반대학,서울,한국성서대학교,본교,기존,사립,139-791,서울 노원구 상계7동 한국성서대학교,02-950-5401,02-950-5411,www.bible.ac.kr
2013,일반대학,서울,한국외국어대학교,본교,기존,사립,130-791,서울 동대문구 이문로 107,02-2173-2114,,http://www.hufs.ac.kr
2013,일반대학,경기,한국외국어대학교,분교1,기존,사립,449-854,경기 용인시 모현면 외대로81,031-330-4114,,http://www.hufs.ac.kr
2013,일반대학,경기,한국항공대학교,본교,기존,사립,412-791,경기 고양시 덕양구 항공대학로 76,02-300-0114,02-3158-5769,www.kau.ac.kr
2013,일반대학,대전,한남대학교,본교,기존,사립,306-791,대전 대덕구 오정동 한남대학교,042-629-7114,042-629-5874,www.hannam.ac.kr
2013,일반대학,경북,한동대학교,본교,기존,사립,791-708,경북 포항시 북구 흥해읍 한동대학교,054-260-1111,054-260-1149,www.handong.edu
2013,일반대학,강원,한라대학교,본교,기존,사립,220-712,강원 원주시 흥업면 한라대길 28 ,033-760-1114,033-762-6705,www.halla.ac.kr
2013,일반대학,강원,한림대학교,본교,기존,사립,200-702,강원 춘천시 한림대학길 1 한림대학교,033-248-1000,,www.hallym.ac.kr
2013,일반대학,충남,한서대학교,본교,기존,사립,356-706,충남 서산시 해미면 한서대학교,041-660-1144,041-660-1149,www.hanseo.ac.kr
2013,일반대학,서울,한성대학교,본교,기존,사립,136-792,서울 성북구 삼선동3가 389 한성대학교,02-760-4231,02-745-8943,www.hansung.ac.kr
2013,일반대학,경기,한세대학교,본교,기존,사립,435-742,경기 군포시 당정동 한세대학교,031-450-5114,031-457-6517,www.hansei.ac.kr
2013,일반대학,경기,한신대학교,본교,기존,사립,447-791,경기 오산시 양산동 한신대학교,031-379-0114,031-372-3343,www.hs.ac.kr
2013,일반대학,서울,한양대학교,본교,기존,사립,133-070,서울특별시 성동구 왕십리로 222 ,02-2220-0114,,www.hanyang.ac.kr
2013,일반대학,경기,한양대학교,분교1,기존,사립,425-791,경기 안산시 사3동 한양대학교,,,www.hanyang.ac.kr
2013,일반대학,서울,한영신학대학교,본교,기존,사립,152-717,서울 구로구 경인로 290-42  한영신학대학교,02-2067-4500,02-2616-4102,www.hytu.ac.kr
2013,일반대학,전북,한일장신대학교,본교,기존,사립,565-832,전북 완주군 상관면 신리694-1,063-230-5400,,www.hanil.ac.kr
2013,일반대학,경기,협성대학교,본교,기존,사립,445-745,경기 화성시 봉담읍 상리 협성대학교 ,031-299-0900,031-227-3131,www.uhs.ac.kr
2013,일반대학,광주,호남대학교,본교,기존,사립,506-714,광주 광산구 서봉동 59-1 호남대학교 광산캠퍼스,062-940-5114,062-940-5005,www.honam.ac.kr
2013,일반대학,광주,호남신학대학교,본교,기존,사립,503-756,광주 남구 양림동 호남신학대학교,062-650-1552,062-675-1552,www.htus.ac.kr
2013,일반대학,충남,호서대학교,본교,기존,사립,336-795,충남 아산시 배방읍 세출리 165번지 호서대학교,041-540-5114,041-540-5159,www.hoseo.ac.kr
2013,일반대학,서울,홍익대학교,본교,기존,사립,121-791,서울특별시 마포구 와우산로 94(상수동),02-320-1114,02-320-1122,www.hongik.ac.kr/
2013,일반대학,세종,홍익대학교 세종캠퍼스,분교1,기존,사립,339-701,세종특별자치시 조치원읍 세종로 2639 (신안리 300),,,jochiwon.hongik.ac.kr
2013,일반대학,충북,꽃동네대학교,본교,기존,사립,363-823,충북 청원군 현도면 상삼길 133,043-270-0114,043-270-0120,www.kkot.ac.kr
2013,일반대학,광주,남부대학교,본교,기존,사립,506-824,광주 광산구 월계동 864-1,062-970-0001,062-972-6200,www.nambu.ac.kr
2013,일반대학,전북,예원예술대학교,본교,기존,사립,566-822,전북 임실군 신평면 창인리 271,063-640-7114,063-640-7773,www.yewon.ac.kr
2013,일반대학,전북,예원예술대학교 전주캠퍼스,제2캠퍼스,기존,사립,561-211,전북 전주시 덕진구 호성동1가 681-15,063-253-7071,063-253-7073,www.yewon.ac.kr
2013,일반대학,강원,한중대학교,본교,기존,사립,240-713,강원 동해시 지흥동 산119 한중대학교,033-521-9900,033-521-9407,www.HANZHONG.ac.kr
2013,일반대학,전남,목포가톨릭대학교,본교,기존,사립,530-742,전남 목포시 석현동 894-1 목포가톨릭대학교,061-280-5005,061-280-5109,http://www.mcu.ac.kr
2013,일반대학,경남,부산장신대학교,본교,기존,사립,621-747,경남 김해시 김해대로 1894-68(구산동764번지),055-320-2500,055-339-1161,www.bpu.ac.kr
2013,일반대학,충남,금강대학교,본교,기존,사립,320-931,충남 논산시 상월면 대명리 14-9,041-731-3114,041-731-3048,www.ggu.ac.kr
2013,일반대학,경북,대구외국어대학교,본교,기존,사립,712-721,경북 경산시 남천면 남천로 730  대구외국어대학교 ,053-810-7000,053-811-0836,www.dufs.ac.kr
2013,일반대학,전북,예수대학교,본교,기존,사립,560-714,전북 전주시 완산구 중화산동1가 예수대학교,063-230-7700,063-286-2216,www.jesus.ac.kr
2013,일반대학,경남,한국국제대학교,본교,기존,사립,660-845,경남 진주시 문산읍 상문리 산270,055-751-8114,055-761-7407,www.iuk.ac.kr
2013,일반대학,경기,한북대학교,본교,기존,사립,483-777,경기 동두천시 상패동 한북대학교,031-860-1300,031-860-1350,www.hanbuk.ac.kr
2013,일반대학,광주,광주대학교,본교,기존,사립,503-703,광주 남구 진월동 광주대학교,062-670-2114,062-674-0078,www.gwangju.ac.kr
2013,일반대학,대구,경북외국어대학교,본교,기존,사립,702-320,대구 북구 동호동 151번지,053-320-3600,053-320-3610,www.kufs.ac.kr
2013,일반대학,경기,신경대학교,본교,기존,사립,445-741,경기 화성시 남양동 신경대학교 ,031-369-9112,031-369-9116,www.sgu.ac.kr/
2013,일반대학,부산,동명대학교,본교,기존,사립,608-711,부산 남구 용당동 동명대학교,051-629-1000,,tu.ac.kr
2013,일반대학,경남,영산대학교,본교,기존,사립,626-847,경남 양산시 웅상읍 주남리 산150,055-380-9114,055-366-4374,www.ysu.ac.kr
2013,일반대학,부산,영산대학교,제2캠퍼스,기존,사립,612-743,부산 해운대구 반송3동,051-540-7400,051-543-9347,www.ysu.ac.kr
2013,일반대학,대전,대전신학대학교,본교,기존,사립,306-819,대전 대덕구 오정동 226-22,042-606-0114,042-621-0821,www.daejeon.ac.kr
2013,일반대학,충북,중원대학교,본교,기존,사립,367-805,충북 괴산군 괴산읍 동부리  5번지,043-830-8114,043-830-8115,http://www.jwu.ac.kr
2013,일반대학,대전,우송대학교,본교,기존,사립,300-718,대전 동구 자양동 우송대학교 17-2,042-630-9600,042-631-2346,www.woosong.ac.kr
2013,일반대학,경북,김천대학교,본교,기존,사립,740-704,경북 김천시 대학로 214 김천대학교,054-420-4000,054-420-4003,http://www.gimcheon.ac.kr
2013,일반대학,전남,한려대학교,본교,기존,사립,545-704,전남 광양시 한려대길 94-13 (덕례리 1268-1번지),061-760-1114,061-761-6701,www.hanlyo.ac.kr
2013,일반대학,광주,송원대학교,본교,기존,사립,503-742,광주 남구 송암로 73,062-360-5700,062-360-5756,www.songwon.ac.kr
2013,일반대학,경북,경운대학교,본교,기존,사립,730-739,경북 구미시 산동면 강동로 730번지,054-479-1114,054-479-1029,http://www.ikw.ac.kr
2013,일반대학,충남,남서울대학교,본교,기존,사립,330-707,충남 천안시 성환읍 남서울대학교 ,041-580-2000,041-582-2117,http://www.nsu.ac.kr
2013,일반대학,전남,초당대학교,본교,기존,사립,534-701,전남 무안군 무안읍 성남리 초당대학교 ,061-453-4960,061-453-4969,www.chodang.ac.kr
2013,일반대학,경기,한국산업기술대학교,본교,기존,사립,429-793,경기 시흥시 정왕1동 한국산업기술대학교 산기대학로 237 (정왕동),031-8041-0004,031-8041-0009,www.kpu.ac.kr
2013,일반대학,제주,제주국제대학교,본교,기존,사립,690-714,제주 제주시 516로 2870(영평동) ,064-754-0200,064-702-0933,www.jeju.ac.kr
2013,일반대학,경남,창신대학교,본교,학제 변경,사립,630-764,경남 마산시 합성2동 창신대학교,055-250-3000,055-250-3190,www.cs.ac.kr
2013,일반대학,울산,울산과학기술대학교,본교,기존,국립대법인,689-805,울산 울주군 언양읍 반연리 유니스트길 50,052-217-0114,052-217-1169,www.unist.ac.kr
2013,일반대학,대전,한국과학기술원,본교,기존,특별법법인,305-701,대전 유성구 대학로 291 한국과학기술원 ,,,
2013,일반대학,광주,광주과학기술원,본교,기존,특별법법인,500-712,광주 북구 오룡동 광주과학기술원 ,062-715-0114,062-715-2300,www.gist.ac.kr
2013,방송통신대학,서울,한국방송통신대학교,본교,기존,국립,110-791,서울 종로구 동숭동 한국방송통신대학교,02-3668-4114,02-744-5882,www.knou.ac.kr
2013,산업대학,대전,한밭대학교,본교,폐교,국립,305-719,대전 유성구 덕명동 산16-1 한밭대학교 ,042-821-1038,042-825-5395,www.hanbat.ac.kr
2013,산업대학,서울,서울과학기술대학교,본교,폐교,국립,139-743,서울시 노원구 공릉로 232 서울과학기술대학교,02-970-6114,02-975-8110,www.seoultech.ac.kr
2013,산업대학,경기,한경대학교,본교,폐교,국립,456-749,경기 안성시 중앙로 327 (석정동),031-670-5114,,www.hknu.ac.kr
2013,산업대학,경남,진주산업대학교,본교,폐교,국립,660-758,경남 진주시 동진로 33 경남과학기술대학교,055-751-3114,055-751-9554,www.gntech.ac.kr
2013,산업대학,충북,한국교통대학교,본교,폐교,국립,380-702,충북 충주시 대소원면 대학로 50,043-841-5000,043-853-1236,www.ut.ac.kr
2013,산업대학,경기,한국산업기술대학교,본교,폐교,사립,429-793,경기 시흥시 정왕1동 한국산업기술대학교 ,031-8041-0004,031-8041-0009,www.kpu.ac.kr
2013,산업대학,광주,광주대학교(산업대),본교,폐교,사립,503-703,광주 남구 진월동 광주대학교,062-670-2114,062-674-0078,www.gwangju.ac.kr
2013,산업대학,충남,남서울대학교,본교,폐교,사립,330-707,충남 천안시 성환읍 남서울대학교,041-580-2000,041-580-2117,http://www.nsu.ac.kr
2013,산업대학,부산,동명정보대학교,본교,폐교,사립,608-711,부산 남구 용당동 동명정보대학교,,,
2013,산업대학,경남,영산대학교(산업대),본교,폐교,사립,626-790,경남 양산시 웅상읍 주남리 영산대학교양산캠퍼스,055-380-9114,055-366-4374,http://www.ysu.ac.kr
2013,산업대학,부산,영산대학교(산업대),제2캠퍼스,폐교,사립,612-743,부산 해운대구 반송3동 영산대학교부산캠퍼스,055-380-9114,055-366-4374,http://www.ysu.ac.kr
2013,산업대학,대전,우송대학교,본교,폐교,사립,300-718,대전 동구 자양동 우송대학교,042-630-9600,042-631-2346,www.wsu.ac.kr
2013,산업대학,전북,호원대학교,본교,기존,사립,573-718,전북 군산시 임피면 호원대학교,063-450-7114,063-450-7777,www.howon.ac.kr
2013,산업대학,전남,초당대학교,본교,폐교,사립,534-701,전남 무안군 무안읍 성남리 초당대학교,061-453-4960,061-453-4969,www.chodang.ac.kr
2013,산업대학,충남,청운대학교,본교,기존,사립,350-701,충남 홍성군 홍성읍 대학길 25,041-630-3114,041-634-8700,www.chungwoon.ac.kr
2013,산업대학,경북,경운대학교,본교,폐교,사립,730-739,경북 구미시 산동면 강동로 730번지,054-479-1114,054-479-1029,www.ikw.ac.kr
2013,산업대학,전남,한려대학교,본교,폐교,사립,545-704,전남 광양시 광양읍 한려대길 94-13 (덕례리 1268-1번지),061-760-1114,061-761-6701,www.hanlyo.ac.kr
2013,기술대학,서울,정석대학,본교,기존,사립,157-816,서울 강서구 오정로576(공항동),02-2660-5390,02-2660-5394,
2013,각종대학(전문),경기,구세군사관학교,본교,기존,사립,427-806,경기 과천시 중앙동 83-2번지,02-502-9505,02-502-9507,http://www.saotc.ac.kr
2013,각종대학(대학),대전,대전신학교,본교,폐교,사립,306-819,대전 대덕구 오정동 226-22,042-606-0114,042-621-0821,www.daejeon.ac.kr
2013,각종대학(대학),충남,한민학교,본교,기존,사립,320-872,충남 논산시 연산면 신양리 14-2,041-733-6565,041-733-6605,www.hanmin.ac.kr
2013,각종대학(대학),충북,순복음총회신학교,본교,기존,사립,390-851,충북 제천시 덕산면 도전리 486,043-645-5571,043-642-4530,www.kcc.ac.kr
2013,각종대학(대학),서울,한국예술종합학교,본교,기존,특별법국립,136-150,서울 성북구 석관동 ,,,
2013,각종대학(대학),충남,한국전통문화대학교,본교,학교명 변경,국립,323-812,충남 부여군 규암면 합정리 ,041-830-7114,,www.nuch.ac.kr
2013,원격대학(전문),경기,세계사이버대학,본교,기존,사립,464-895,경기 광주시 오포읍 신현리,031-716-9000,031-726-3092,www.world.ac.kr
2013,원격대학(대학),경북,영남사이버대학교,본교,기존,사립,712-881,경북 경산시 남천면 협석리 220-1,053-741-5700,053-742-5700,http://www.yncu.ac.kr
2013,사내대학(전문),경남,삼성중공업공과대학,본교,기존,사립,656-710,경남 거제시 신현읍 삼성중공업거제조선소 기술연수원 내,055-630-2096,055-630-4946,
2013,사내대학(전문),서울,SPC식품과학대학,본교,기존,사립,156-010,서울 동작구 신대방동 593번지,02-6331-3536,02-6331-3536,http://www.spc.co.kr
2013,사내대학(전문),경남,대우조선해양공과대학,본교,신설,사립,656-714,경남 거제시 아주동 대우조선해양(주) ,055-735-9533,055-735-1182,
2013,사내대학(전문),울산,현대중공업공과대학,본교,신설,사립,682-060,울산 동구 전하동 1번지,052-202-2356,052-250-9066,
2013,사내대학(대학),경기,삼성전자공과대학교,본교,기존,사립,449-901,경기 용인시 기흥구 농서동 산24,031-209-7067,031-209-7136,
2013,사내대학(대학),서울,KDB금융대학교,본교,신설,특별법법인,150-973,서울 영등포구 은행로 14 ,02-787-5554,02-787-5595,
2013,사내대학(대학),대전,LH토지주택대학교,본교,신설,특별법법인,305-811,대전광역시 유성구 엑스포로 539번지길 99,,,lhu.lh.or.kr
2013,사이버대학(대학),서울,경희사이버대학교,본교,기존,사립,130-701,서울 동대문구 회기동 1번지 경희사이버대학교,02-3299-8700,02-3299-8529,www.khcu.ac.kr
2013,사이버대학(대학),경기,국제사이버대학교,본교,기존,사립,442-832,경기 수원시 팔달구 인계동 950-12,031-229-6200,031-267-0750,www.gcu.ac
2013,사이버대학(대학),경북,대구사이버대학교,본교,기존,사립,712-714,경북 경산시 진량읍 내리리 15번지 대구사이버대학교,053-850-4000,053-850-4019,www.dcu.ac.kr
2013,사이버대학(대학),부산,부산디지털대학교,본교,기존,사립,617-010,부산 사상구 주례동,051-320-2000,051-320-2787,www.bdu.ac.kr
2013,사이버대학(대학),서울,서울디지털대학교,본교,기존,사립,121-040,서울 마포구 도화동 560번지,00-1644-0982,02-2128-3006,www.sdu.ac.kr
2013,사이버대학(대학),서울,서울사이버대학교,본교,기존,사립,142-700,서울 강북구 솔매로49길 60(미아동 193-15) 서울사이버대학교,02-944-5000,02-980-2222,www.iscu.ac.kr
2013,사이버대학(대학),서울,세종사이버대학교 ,본교,기존,사립,143-150,서울 광진구 군자동 ,02-2204-8000,02-2204-8036,http://sjcu.ac.kr/
2013,사이버대학(대학),서울,열린사이버대학교,본교,기존,사립,110-776,서울 종로구 경운동 운현궁SK허브 102동 3층,02-2197-4200,02-2197-4114,www.ocu.ac.kr
2013,사이버대학(대학),전북,원광디지털대학교,본교,기존,사립,570-749,전북 익산시 익산대로 460(신용동 원광디지털대학교),070-7730-0010,063-843-2855,http://www.wdu.ac.kr
2013,사이버대학(대학),서울,고려사이버대학교,본교,기존,사립,110-800,서울 종로구 계동 1-21,02-6361-1810,02-6361-1800,www.cyberkorea.ac.kr
2013,사이버대학(대학),서울,숭실사이버대학교,본교,학교명 변경,사립,110-340,서울 종로구 삼일대로 30길 ,02-708-7700,02-708-7755,www.kcu.ac
2013,사이버대학(대학),서울,디지털서울문화예술대학교,본교,기존,사립,120-090,서울시 서대문구 통일로 37길 60 (홍제동 318-18),02-2287-0222,02-379-8828,www.scau.ac.kr
2013,사이버대학(대학),서울,한양사이버대학교,본교,기존,사립,133-791,서울 성동구 왕십리로 222,02-2290-0114,02-2290-0600,http://www.hanyangcyber.ac.kr
2013,사이버대학(대학),서울,사이버한국외국어대학교,본교,기존,사립,130-791,서울 동대문구 이문동 한국외국어대학교,02-2173-2580,02-966-6183,www.cufs.ac.kr
2013,사이버대학(대학),부산,화신사이버대학교,본교,기존,사립,611-089,부산 연제구 연산9동 411-2번지,051-850-1414,051-850-1459,www.hscu.ac.kr
2013,사이버대학(대학),충남,글로벌사이버대학교,본교,기존,사립,330-841,충남 천안시 동남구 목천읍 교천지산길 284-88 (지산리 189-4번지),02-3014-5591,041-529-2638,http://www.global.ac.kr
2013,사이버대학(대학),대전,건양사이버대학교,본교,기존,사립,302-243,대전 서구 관저동로 158,042-600-6488,042-600-6519,www.kycu.ac.kr
2013,사이버대학(전문),대구,영진사이버대학,본교,기존,사립,702-721,대구 북구 복현2동 영진전문대학 218,053-940-5500,053-940-5504,www.ycc.ac.kr
2013,사이버대학(전문),경북,한국복지사이버대학,본교,기존,사립,712-881,경북 경산시 남천면 협석리 140번지,053-712-3000,053-815-6500,http://www.corea.ac.kr/
2013,전공대학,서울,국제예술대학,본교,기존,사립,135-010,서울 강남구 논현동 79,02-542-8197,02-517-1392,http://www.kica.ac.kr
2013,전공대학,서울,백석예술대학교,본교,기존,사립,137-848,서울 서초구 방배로9길 23 백석예술대학교,02-520-0700,02-520-0879,www.bau.ac.kr
2013,전공대학,서울,정화예술대학,본교,기존,사립,100-041,서울 중구 남산동 1가 8-1,02-3789-2020,02-775-5082,http://www.jb.ac.kr
2013,전공대학,서울,정화예술대학,제2캠퍼스,기존,사립,100-873,서울 중구 회현동 1가 100-48,02-3789-7181,02-3789-2055,http://www.jb.ac.kr
2013,기능대학,경기,한국정보통신기능대학,본교,기존,사립,464-731,경기 광주시 역동 한국정보통신기능대학 ,031-764-3301,031-767-0072,http://www.icpc.ac.kr
2013,기능대학,서울,한국폴리텍Ⅰ대학 서울정수캠퍼스,본교,기존,사립,140-823,서울 용산구 보광로 73(보광동 238),02-2001-4000,02-2001-4119,http://jungsu.kopo.ac.kr
2013,기능대학,서울,한국폴리텍 I 대학 서울강서캠퍼스,본교,기존,사립,157-010,서울 강서구 화곡동 산60-1,02-2186-5800,02-2186-5819,http://kangseo.kopo.ac.kr
2013,기능대학,경기,한국폴리텍 I 대학 성남캠퍼스,본교,기존,사립,461-711,경기 성남시 수정구 산성동 한국폴리텍I대학성남캠퍼스 ,031-739-4000,031-749-3375,http://seongnam.kopo.ac.kr/
2013,기능대학,인천,한국폴리텍 II 대학 인천캠퍼스,본교,기존,사립,403-719,인천 부평구 구산동 무네미로 448번길 ,032-510-2114,032-519-6059,http://www.kopo.ac.kr
2013,기능대학,인천,한국폴리텍 II 대학 남인천캠퍼스,본교,폐교,사립,402-205,인천 남구 주안5동  1389-2,032-450-0300,032-873-2098,
2013,기능대학,강원,한국폴리텍 III 대학 춘천캠퍼스,본교,기존,사립,200-840,강원 춘천시 동산면 영서로 1290-31,033-260-7600,033-260-7609,chuncheon.kopo.ac.kr
2013,기능대학,강원,한국폴리텍 III 대학 강릉캠퍼스,본교,기존,사립,210-932,강원 강릉시 남산초교길 121,033-610-6110,033-610-6119,http://gangneung.kopo.ac.kr
2013,기능대학,대전,한국폴리텍IV 대학 대전캠퍼스,본교,기존,사립,300-702,대전 동구 우암로 352-21,042-670-0600,042-670-0519,www.kopo.ac.kr
2013,기능대학,충북,한국폴리텍 IV 대학 청주캠퍼스,본교,기존,사립,361-290,충북 청주시 흥덕구 송정동 47번지 한국폴리텍IV대학 청주캠퍼스,043-279-7466,043-279-7477,cheongju.kopo.ac.kr
2013,기능대학,충남,한국폴리텍 IV 대학 아산캠퍼스,본교,기존,사립,336-884,충남 아산시 신창면 행목리 323번지,042-670-0500,041-539-9429,http://asan.kopo.ac.kr/
2013,기능대학,충남,한국폴리텍 IV 대학 홍성캠퍼스,본교,기존,사립,350-803,충남 홍성군 홍성읍 충서로 1200번(남장리 221-1),041-630-3523,041-631-3522,http://hongseong.kopo.ac.kr/
2013,기능대학,광주,한국폴리텍V대학 광주캠퍼스,본교,기존,사립,500-170,광주 북구 운암동 58-1번지,062-519-7114,062-519-7019,gwangju.kopo.ac.kr
2013,기능대학,전북,한국폴리텍 V 대학 김제캠퍼스,본교,기존,사립,576-100,전북 김제시 백학동  84번지,063-540-7600,063-540-7625,gimje.kopo.ac.kr
2013,기능대학,전남,한국폴리텍V대학 목포캠퍼스,본교,기존,사립,534-703,전남 무안군 청계면 영산로 1854-16번지,061-450-7220,061-450-7224,www.kopo.ac.kr
2013,기능대학,전북,한국폴리텍대학 익산캠퍼스,본교,기존,사립,570-210,전북 익산시 어양동 16번지,063-830-3000,063-830-3026,iksan.kopo.ac.kr
2013,기능대학,대구,한국폴리텍대학 대구캠퍼스,본교,기존,사립,703-016,대구 서구 평리5동  1495번지,053-567-0101,053-560-3148,http://daegu.kopo.ac.kr
2013,기능대학,경북,한국폴리텍대학 구미캠퍼스,본교,기존,사립,730-030,경북 구미시 수출대로3길 84,054-461-5241,054-464-2098,http://gumi.kopo.ac.kr/
2013,기능대학,경남,한국폴리텍대학 창원캠퍼스,본교,기존,사립,641-772,경남 창원시 중앙동 한국폴리텍대학 창원캠퍼스,055-279-1700,055-279-1749,http://changwon.kopo.ac.kr
2013,기능대학,부산,한국폴리텍Ⅶ대학 부산캠퍼스,본교,기존,사립,616-741,부산 북구 덕천1동 한국폴리텍Ⅶ대학 부산캠퍼스,051-330-7800,051-332-4801,http://busan.kopo.ac.kr
2013,기능대학,울산,한국폴리텍 VII 대학 울산캠퍼스,본교,기존,사립,681-712,울산 중구 동동 81번지 한국폴리텍VII대학 울산캠퍼스,052-290-1500,052-290-1519,www.ulsan.kopo.ac.kr
2013,기능대학,충남,한국폴리텍대학바이오캠퍼스,본교,기존,사립,320-905,충남 논산시 강경읍 동안로 112번길 48,041-746-7300,041-746-7310,http://bio.kopo.ac.kr
2013,기능대학,대구,한국폴리텍 섬유패션캠퍼스,본교,기존,사립,701-170,대구 동구 봉무동 1558번지,053-980-1110~5,053-980-1129,http://tf.kopo.ac.kr
2013,기능대학,경기,한국폴리텍대학 안성여자캠퍼스,본교,학교명 변경,사립,456-719,경기 안성시 공도읍 송원길 41-12(만정리 349-6),031-650-7300,031-657-2961,http://women.kopo.ac.kr
2013,기능대학,경남,한국폴리텍대학 항공캠퍼스,본교,학교명 변경,사립,664-708,경남 사천시 이금동 438번지 ,055-830-3400,055-830-3414,http://kapc.kopo.ac.kr
